ProfessorName,Award,Department,CourseCode,Term
"Alawini, A",Excellent,CS,CS411,SP19
"Alawini, A",Excellent,CS,CS411,SU19
"Alawini, A",Excellent,CS,CS411,FA19
"Alawini, A",Excellent,CS,CS411,SP20
"Alawini, A",Excellent,CS,CS411,SU21
"Junge, M",Excellent,MATH,MATH414,FA15
"Jiang, Y",Outstanding,CHIN,CHIN201,SP15
"Baptiste, P",Outstanding,ADV,ADV175,SU17
"Gray, L",Excellent,MUSC,MUSC113,SP17
"Veeravalli, V",Outstanding,ECE,ECE490,SU16
"Richards, V",Excellent,CLE,CLE660,SP18
"Burd, N",Outstanding,KIN,KIN352,FA23
"Wright, P",Excellent,REES,REES201,SU16
"Dharwadker, A",Outstanding,ARCH,ARCH574,SU17
"Lira, N",Excellent,AAS,AAS479,a
"Urcan, O",Outstanding,ACCY,ACCY594,SP22
"Widdicks, M",Excellent,FIN,FIN514,SP20
"Asaka, I",Outstanding,HIST,HIST171,SU20
"Rodriguez Zas, S",Excellent,ANSC,ANSC590,SP22
"Dey, P",Excellent,MATH,MATH561,SP19
"Lasersohn, P",Excellent,LING,LING307,SU21
"Hyde, D",Outstanding,PSYC,PSYC363,SP22
"Elias Lamas, A",Excellent,CHLH,CHLH199,FA22
"Angrave, L",Outstanding,CS,CS341,FA22
"Cao, Y",Excellent,PHYS,PHYS212,FA19
"Shao, X",Excellent,STAT,STAT595,FA22
"Arias, L",Excellent,IB,IB202,SP21
"Sullivan, J",Excellent,SHS,SHS511,FA17
"Carrillo, T",Outstanding,MUSC,MUSC133,FA17
"Simpson, D",Outstanding,STAT,STAT426,SU21
"Emadian, E",Excellent,DANC,DANC270,FA21
"Hankin, B",Excellent,PSYC,PSYC598,SU20
"Pintar, J",Excellent,IS,IS101,FA19
"Boesche, J",Excellent,THEA,THEA462,SU14
"Kirchner, N",Excellent,MCB,MCB250,SP14
"Freiji, C",Outstanding,ASRM,ASRM392,FA14
"Dee, J",Excellent,MUSC,MUSC421,SU19
"Freivogel, L",Excellent,MUSC,MUSC411,SP18
"Buckley, B",Outstanding,ECON,ECON302,FA20
"Simpson, D",Excellent,STAT,STAT426,FA16
"Bohn, D",Outstanding,FSHN,FSHN466,SU18
"Decoste, D",Outstanding,CHEM,CHEM204,SU19
"Portelli, R",Outstanding,GGIS,GGIS570,FA22
"Vecchio, M",Excellent,MUS,MUS344,FA14
"Cadena, R",Excellent,ARCH,ARCH372,FA17
"Dubin, D",Excellent,IS,IS310,FA19
"Schulte, E",Excellent,PHYS,PHYS102,SP23
"McCullough, A",Excellent,ENG,ENG510,SU18
"Kwon, S",Excellent,AAS,AAS215,SP22
"Woodley, M",Outstanding,CS,CS493,SU21
"Challen, G",Outstanding,CS,CS124,SU17
"Zhang, K",Outstanding,STAT,STAT207,SP15
"Wigley, S",Excellent,MUSC,MUSC406,SP15
"Chin, A",Outstanding,DANC,DANC316,FA21
"Rigonatto, N",Excellent,SPAN,SPAN130,SU18
"Friedman, R",Excellent,LAS,LAS292,SU18
"Warland, S",Outstanding,AFRO,AFRO201,FA23
"Bosecker, N",Outstanding,PSM,PSM555,SP19
"Gilreath, A",Excellent,MUSC,MUSC125,FA19
"Greenberg, J",Outstanding,LAW,LAW678,SP15
"Castillo Calatayud, P",Excellent,SPAN,SPAN122,SU22
"Murphy, J",Outstanding,CMN,CMN450,SU23
"Taneja, H",Outstanding,ADV,ADV200,SU15
"Light Shriner, C",Outstanding,SPED,SPED438,SU22
"Tate, A",Outstanding,JOUR,JOUR210,SU22
"Buckley, B",Excellent,ECON,ECON302,FA19
"Friedman, R",Excellent,LAS,LAS291,SP18
"Vilas Castro, C",Outstanding,SPAN,SPAN130,SP17
"Erickson, K",Outstanding,ARCH,ARCH593,SP15
"Herrera, L",Excellent,MUSC,MUSC405,SP15
"Sielicki, A",Excellent,RHET,RHET105,FA18
"Nozaki, C",Excellent,JAPN,JAPN204,FA16
"Nettl-Fiol, R",Excellent,DANC,DANC420,SU20
"Webster, C",Outstanding,GER,GER299,SP14
"Ellefsen, B",Excellent,MATH,MATH231,FA22
"Isern, D",Outstanding,ARCH,ARCH372,SU17
"Thompson, C",Outstanding,CMN,CMN529,SP15
"Lindsey, B",Outstanding,SOCW,SOCW507,SP21
"Axelson, J",Outstanding,CHEM,CHEM232,SP21
"Lilly, B",Excellent,TE,TE461,FA14
"Han, R",Excellent,ARTD,ARTD218,SP23
"Ali, M",Outstanding,CWL,CWL223,SU20
"Leveritt, J",Outstanding,CHEM,CHEM103,FA18
"Mehta, R",Outstanding,SAME,SAME208,SU15
"Ramirez, Y",Excellent,HIST,HIST572,FA16
"Geiger, S",Excellent,ENVS,ENVS469,SP18
"Ozcan, A",Outstanding,TURK,TURK490,FA18
"Wroblewski, E",Excellent,AE,AE419,FA23
"Lu, L",Excellent,ACCY,ACCY577,SP22
"Boehm, W",Excellent,MUS,MUS147,SU21
"Krogstad, J",Outstanding,MSE,MSE206,FA22
"Turnock, J",Outstanding,MDIA,MDIA590,FA17
"Khuri, M",Outstanding,EPSY,EPSY520,FA16
"Ochs, G",Outstanding,AGED,AGED450,SU18
"Richards, V",Outstanding,CLE,CLE743,SP15
"Hansen, J",Excellent,MACS,MACS104,FA16
"Gray, C",Excellent,CWL,CWL255,FA23
"Gutzmer, C",Outstanding,CI,CI404,SP18
"Mishra, M",Outstanding,HNDI,HNDI406,SU18
"Stodolska, M",Outstanding,KIN,KIN230,SU20
"Santens, R",Excellent,CHLH,CHLH201,SU17
"Chang, W",Excellent,TAM,TAM251,SU14
"White, T",Outstanding,BADM,BADM323,SU19
"Richards, V",Outstanding,CLE,CLE799,FA20
"Charpagne, M",Outstanding,MSE,MSE404,SU23
"Formigao Gameiro, A",Excellent,CHEM,CHEM232,SP21
"Moersch, W",Excellent,MUSC,MUSC530,SU15
"Capino, J",Outstanding,ENGL,ENGL563,SP16
"Dee, J",Outstanding,MUSC,MUSC421,FA20
"Bridgewater, R",Excellent,MUSC,MUSC532,SP23
"Pagura, R",Excellent,TRST,TRST542,SU15
"Konigsberg, L",Excellent,ANTH,ANTH347,SU17
"Kink, D",Excellent,ACCY,ACCY304,SP22
"Li, X",Outstanding,CEE,CEE592,FA16
"Warnement, S",Excellent,CLCV,CLCV115,SP21
"Lee, H",Excellent,STAT,STAT429,SP19
"Horowitz, H",Excellent,CEE,CEE447,FA16
"Emadian, E",Excellent,DANC,DANC100,SU15
"Dixon, L",Excellent,THEA,THEA378,SU14
"Bruks, P",Excellent,LAW,LAW794,SP15
"Dramin Weiss, S",Excellent,SHS,SHS221,FA14
"Hagen, S",Outstanding,PHYS,PHYS435,FA22
"Reedy, M",Outstanding,MCB,MCB150,SP18
"Christianson, K",Excellent,EPSY,EPSY398,SP22
"Kwon, S",Outstanding,AIS,AIS295,FA15
"Icaza, E",Outstanding,ASRM,ASRM450,FA22
"Ahmed, B",Outstanding,CHEM,CHEM105,SU21
"Block, D",Outstanding,SE,SE422,SP14
"Hummel, T",Outstanding,CHEM,CHEM105,SP23
"Al-Qadi, I",Outstanding,CEE,CEE595,SU18
"McDonough, D",Excellent,MUSC,MUSC300,SP16
"Reis, H",Outstanding,SE,SE312,FA15
"Lindsey, B",Excellent,SOCW,SOCW507,SP15
"Vogiatzis, C",Excellent,IE,IE300,FA22
"Bridges, m",Outstanding,EDUC,EDUC202,FA14
"Hummel, T",Outstanding,CHEM,CHEM105,SU21
"Allen, J",Outstanding,MATH,MATH487,SP22
"Buckley, B",Excellent,ECON,ECON102,SP16
"Jelinek, P",Excellent,ANTH,ANTH240,SP15
"Chung, E",Excellent,ECON,ECON535,FA22
"Wongwoottisaroch, Y",Outstanding,ASRM,ASRM210,FA18
"Wilcox, K",Outstanding,HUM,HUM275,SP14
"Chen, X",Outstanding,MATH,MATH362,FA20
"Richtmeyer, D",Outstanding,MUSC,MUSC300,SP20
"Raycraft, M",Outstanding,RST,RST594,SU23
"Ask, S",Excellent,LA,LA446,SP22
"Roy, S",Excellent,ARTH,ARTH219,SP17
"Lopez, M",Outstanding,IS,IS595,FA16
"Davis, M",Outstanding,NRES,NRES464,SP21
"Das, I",Excellent,PHYS,PHYS101,SU23
"Liu, J",Excellent,ASRM,ASRM551,FA16
"Richards, V",Outstanding,CLE,CLE752,SU15
"Karduck, J",Excellent,FSHN,FSHN329,FA15
"Lule, L",Excellent,LLS,LLS392,FA17
"Grift, T",Outstanding,ABE,ABE425,SU20
"Mora Moreno, S",Outstanding,SPAN,SPAN326,SU22
"Nath, K",Outstanding,MATH,MATH347,FA20
"Haugen, M",Outstanding,KIN,KIN249,SP16
"Liu, H",Outstanding,STAT,STAT361,FA14
"Sgheiza, V",Outstanding,ANTH,ANTH408,FA14
"Caesar, M",Excellent,CS,CS437,SP19
"Pant, S",Outstanding,BADM,BADM210,SP20
"Evans, J",Excellent,SOCW,SOCW410,SP18
"Leveritt, J",Excellent,CHEM,CHEM103,SP20
"Richards, V",Outstanding,BSE,BSE655,FA15
"Vanka, S",Outstanding,ME,ME412,SU14
"Richards, V",Excellent,CLE,CLE689,FA19
"Erdey, K",Outstanding,JOUR,JOUR445,FA18
"Littlefield, M",Outstanding,ENGL,ENGL120,FA23
"Lee, J",Excellent,PS,PS270,SU18
"Karplus, L",Excellent,ACE,ACE341,FA15
"Stone, S",Excellent,MUSC,MUSC405,SP19
"Isik, E",Outstanding,CWL,CWL242,SP19
"Davis, O",Outstanding,MUSC,MUSC405,FA21
"Rhee, P",Excellent,LA,LA513,FA21
"Chen, D",Outstanding,ECE,ECE479,FA18
"Lane, M",Excellent,CI,CI407,FA21
"Choi, S",Excellent,PHYS,PHYS325,SU16
"Barich, J",Outstanding,LAW,LAW797,SP20
"LeBlanc, Z",Outstanding,IS,IS597,SP19
"Fast, P",Excellent,ARCH,ARCH595,SU21
"Fleming, K",Excellent,MUS,MUS242,SP20
"Milenkovic, O",Outstanding,ECE,ECE598,SU18
"Sears, S",Outstanding,LA,LA534,SP15
"Bouck, A",Outstanding,THEA,THEA400,SP19
"Block, D",Excellent,ME,ME446,SP19
"Lee, S",Excellent,AAS,AAS100,FA16
"Garcia, M",Excellent,CEE,CEE559,SU23
"Gathogo, M",Outstanding,AFST,AFST434,FA23
"Li, Q",Excellent,CI,CI473,FA20
"Holmes, J",Excellent,GLBL,GLBL100,FA20
"Henshaw, F",Excellent,SPAN,SPAN200,FA19
"Gladstone, J",Excellent,EPSY,EPSY201,SP22
"Richards, V",Outstanding,CLE,CLE736,SU17
"Condotta, I",Excellent,NUTR,NUTR591,SP20
"Goldstein, M",Excellent,SE,SE101,SU20
"Snyder, B",Excellent,CHEM,CHEM516,FA19
"Haken, R",Excellent,MUSC,MUSC410,SU20
"Gillespie, M",Excellent,EPOL,EPOL523,SU15
"Whitaker, R",Outstanding,MCB,MCB435,FA18
"Gasyna, G",Excellent,POL,POL115,SU22
"Richards, V",Outstanding,CLE,CLE799,SU22
"Jaher, D",Outstanding,MACS,MACS100,SP20
"Yeung, A",Excellent,MUSC,MUSC514,SU16
"Ulla, J",Outstanding,ACCY,ACCY301,SU22
"Fagen-Ulmschneider, W",Outstanding,IS,IS107,SP16
"Lamaster, K",Outstanding,MATH,MATH231,FA23
"Maslowska, E",Excellent,ADV,ADV590,FA20
"Dennis, C",Outstanding,NRES,NRES429,SU21
"Basu, A",Excellent,ENGL,ENGL373,FA14
"Chen, M",Outstanding,PSYC,PSYC507,FA15
"Erdogan, M",Outstanding,MATH,MATH540,SU19
"Hudson, M",Excellent,CPSC,CPSC499,SU14
"Mathisen, R",Excellent,HIST,HIST542,SU23
"Wang, Q",Excellent,IE,IE361,FA19
"Almanza, D",Outstanding,MACS,MACS495,SP16
"Gillette, M",Excellent,NEUR,NEUR520,FA14
"Singer, A",Outstanding,TE,TE360,FA21
"Strickland, H",Outstanding,ARTD,ARTD333,SU22
"Evans, C",Excellent,IS,IS206,FA22
"Levesque, L",Excellent,MCB,MCB364,SP21
"Gholizadeh, N",Outstanding,ECON,ECON103,SP18
"Chasiotis, I",Outstanding,AE,AE461,SU18
"Condotta, I",Outstanding,NUTR,NUTR591,FA21
"Condotta, I",Excellent,ANSC,ANSC590,FA22
"Freeman, J",Outstanding,CMN,CMN112,FA23
"Derhemi, E",Outstanding,GER,GER418,FA18
"Goldstein, M",Excellent,SE,SE101,SP18
"Gunn, N",Outstanding,MUSC,MUSC105,SU18
"Clifton, D",Excellent,ADV,ADV270,SU14
"Dubin, D",Outstanding,INFO,INFO310,FA20
"Attig, D",Outstanding,GC,GC500,SU21
"Swiatek, P",Outstanding,ARCH,ARCH474,FA19
"Williams, A",Excellent,REL,REL235,FA20
"Alvarez, J",Excellent,ECE,ECE211,FA20
"Pae, T",Excellent,FIN,FIN580,SP16
"Ball, A",Excellent,ACES,ACES396,FA15
"Chuang, J",Excellent,MATH,MATH257,FA20
"Liang, Z",Outstanding,ECE,ECE311,SP14
"Patterson, W",Outstanding,MUSC,MUSC457,SU23
"Gonzalez, A",Excellent,HDFS,HDFS140,FA17
"Gladstone, J",Excellent,EPSY,EPSY201,SP23
"Pugh, J",Excellent,MUSC,MUSC400,SP14
"Schmidt, A",Outstanding,RHET,RHET105,SP22
"Hodson, R",Excellent,IS,IS569,SP18
"Robinson, J",Outstanding,PHIL,PHIL110,SU17
"Coppess, J",Excellent,ACE,ACE403,FA19
"Krok, W",Excellent,SHS,SHS200,FA18
"Anderson, R",Excellent,THEA,THEA400,SU16
"Lo, Y",Outstanding,PSYC,PSYC331,FA17
"Harden, K",Excellent,SOCW,SOCW500,SU16
"Austin, S",Outstanding,VCM,VCM598,SU21
"Nowak, M",Outstanding,CS,CS128,FA23
"Leiby, J",Excellent,ACCY,ACCY574,SU20
"Pawlikowski, J",Excellent,CEE,CEE598,SU17
"Kastengren, S",Outstanding,AIS,AIS288,SU14
"Bhurgri, S",Outstanding,CHEM,CHEM104,SU19
"Sun, Y",Excellent,ECON,ECON447,FA18
"Sinha, S",Excellent,PHYS,PHYS211,SP19
"Torres-Cacoullos, A",Outstanding,SPAN,SPAN312,SU19
"He, W",Outstanding,ENG,ENG572,SP22
"Goebel, R",Outstanding,PORT,PORT401,FA16
"Keeble, J",Excellent,MUS,MUS430,SP16
"Osborne, I",Excellent,PHYS,PHYS214,FA16
"Pendall, R",Outstanding,UP,UP494,SU16
"Ruggles, D",Outstanding,ARTH,ARTH219,SU23
"Figueroa Diaz, J",Outstanding,SPAN,SPAN130,SU16
"O'Byrn, E",Outstanding,HIST,HIST389,SU15
"Ragheb, M",Excellent,NPRE,NPRE402,SU15
"Blumthal, M",Excellent,ENG,ENG398,FA20
"Slobodnik, S",Excellent,MACS,MACS104,FA17
"Freivogel, L",Outstanding,MUSC,MUSC511,SP19
"Beck, D",Outstanding,HIST,HIST488,SP23
"Ciafone, A",Excellent,MACS,MACS391,SP15
"Kramer, J",Outstanding,HDFS,HDFS199,FA15
"Jablow, Z",Outstanding,PS,PS101,SP23
"Karydas, M",Outstanding,PHYS,PHYS213,SU23
"Carey, Y",Outstanding,SPED,SPED591,FA17
"Lamare, J",Outstanding,LER,LER543,SP22
"Bright, A",Outstanding,GLBL,GLBL280,FA18
"Allen, B",Excellent,FAA,FAA202,FA15
"Hasegawa-Johnson, M",Outstanding,ECE,ECE448,SP16
"Cole, L",Outstanding,ENGL,ENGL350,SU22
"Leicht, J",Excellent,CHBE,CHBE430,SU20
"Myers, C",Outstanding,IS,IS585,SU18
"Lowe, J",Outstanding,VCM,VCM505,SU14
"Chiu, M",Excellent,MUS,MUS102,FA17
"Friedman, R",Outstanding,LAS,LAS292,SU17
"Erdey, K",Outstanding,JOUR,JOUR417,SU22
"Zhang, K",Outstanding,BIOC,BIOC446,SU18
"Kirchner, N",Outstanding,MCB,MCB250,FA20
"Roach, R",Excellent,MATH,MATH257,FA19
"Rahman, N",Excellent,ADV,ADV281,SU20
"Dorion, A",Outstanding,AFRO,AFRO132,SP18
"Lule, L",Excellent,SOC,SOC392,SU18
"Klinger, M",Excellent,PHYS,PHYS436,SU18
"Bentz, J",Outstanding,SPED,SPED117,SU19
"Carrillo, T",Excellent,MUSC,MUSC533,SP23
"Gao, X",Outstanding,FIN,FIN550,FA15
"Reedy, M",Outstanding,MCB,MCB354,SU15
"Song, E",Excellent,SOCW,SOCW451,SU15
"Gonzalez, A",Excellent,HDFS,HDFS140,SU17
"Lemon, K",Excellent,LA,LA336,SU22
"Reno, J",Excellent,CLCV,CLCV220,SP14
"Bosecker, N",Excellent,PSM,PSM555,SP22
"Statt, A",Excellent,MSE,MSE559,SP22
"Friedman, R",Outstanding,LAS,LAS292,FA23
"Berenbaum, H",Outstanding,PSYC,PSYC379,FA17
"Ward, M",Excellent,NRES,NRES598,SP23
"Gunter, E",Excellent,CS,CS421,SU18
"Gunasekera, B",Excellent,CHEM,CHEM102,FA14
"Tywoniw, R",Excellent,EIL,EIL460,SP15
"Haugen, M",Outstanding,KIN,KIN249,SU16
"Nowak, M",Excellent,CS,CS128,SP15
"Solomon, B",Excellent,CS,CS277,FA20
"Sankaran, R",Excellent,NPRE,NPRE421,FA15
"Newton, K",Excellent,ENGL,ENGL402,SU15
"Edwards, J",Excellent,CEE,CEE411,SU14
"Short, C",Outstanding,ENGL,ENGL209,SP16
"Amir, H",Outstanding,PHYS,PHYS211,SP18
"Richards, V",Outstanding,CLE,CLE675,SU19
"Junginger, S",Outstanding,MUSC,MUSC132,SP16
"Dahman, J",Excellent,SHS,SHS477,SU22
"Dai, X",Excellent,PS,PS494,SP20
"Vanka, S",Excellent,ME,ME412,SU16
"Penn, M",Excellent,ACCY,ACCY575,FA14
"Cai, X",Outstanding,ENVS,ENVS491,SP20
"Klees, A",Outstanding,GEOL,GEOL517,SU17
"Williams, C",Excellent,LAT,LAT520,SU18
"Font Bas, V",Outstanding,MACS,MACS480,FA23
"Loveridge, T",Excellent,PHYS,PHYS101,SU22
"Tempest, R",Outstanding,CWL,CWL122,SU22
"Radhakrishnan, C",Outstanding,ECE,ECE343,FA14
"Diaz-Soto, J",Excellent,THEA,THEA438,SU21
"Stephens, C",Outstanding,MUSC,MUSC300,SP22
"Yeo, D",Outstanding,MUSC,MUSC427,SP21
"Swanson, C",Excellent,IB,IB292,FA16
"Kani, N",Excellent,CS,CS374,SP17
"Deal, B",Outstanding,LA,LA480,SU15
"Amar, V",Outstanding,LAW,LAW696,SU14
"Endres, R",Outstanding,NRES,NRES310,SU15
"Tychonievich, L",Outstanding,CSE,CSE427,FA21
"Ashby, S",Outstanding,LER,LER200,SP22
"Yeung, A",Excellent,MUS,MUS199,SP14
"Kingery, L",Outstanding,SOCW,SOCW514,SU23
"Sherrick, B",Outstanding,ACE,ACE444,SU20
"Tempest, R",Outstanding,RUSS,RUSS122,SP15
"Richards, V",Outstanding,BSE,BSE720,SP18
"Ciofalo, T",Outstanding,THEA,THEA300,FA20
"Kontou, E",Excellent,CEE,CEE201,SU23
"Kollmer, M",Excellent,IS,IS312,FA19
"Fick, M",Excellent,VCM,VCM506,SU22
"Birchmier, C",Excellent,PSYC,PSYC239,SU17
"Ansell, P",Excellent,AE,AE515,FA22
"Armendariz Buaun, R",Outstanding,ECON,ECON203,FA19
"Hutchens, M",Excellent,ACCY,ACCY312,FA23
"Zharnitsky, V",Excellent,MATH,MATH441,SU16
"Fogerty, D",Outstanding,SHS,SHS592,SP23
"Hummel, T",Excellent,CHEM,CHEM105,SU19
"Yang, Y",Outstanding,PHYS,PHYS212,FA21
"Du, P",Outstanding,CHIN,CHIN204,SP15
"Hoefig, V",Outstanding,MDVL,MDVL252,SP17
"Lombardo, F",Outstanding,CEE,CEE460,SP22
"Chiu, C",Outstanding,CHLH,CHLH330,FA21
"Reedy, M",Outstanding,MCB,MCB199,FA19
"Daval, C",Excellent,MUSC,MUSC400,SP14
"Dolezal, A",Excellent,PSYC,PSYC432,SP23
"Alt, R",Excellent,MCB,MCB301,FA23
"Wang, M",Outstanding,ADV,ADV393,SP18
"Lemoine, C",Outstanding,ACE,ACE240,SU19
"Knox, R",Excellent,ANSC,ANSC224,SP17
"Shelton, T",Excellent,PHYS,PHYS214,FA23
"Boley, A",Excellent,LAW,LAW696,SP16
"Granato, V",Outstanding,CHEM,CHEM104,SU18
"Tierney, R",Outstanding,CWL,CWL190,SU20
"Tang, K",Excellent,TAM,TAM335,SU21
"Bequette, A",Outstanding,LAW,LAW696,SP22
"Zhao, S",Outstanding,STAT,STAT430,SU23
"Jin, J",Outstanding,ECE,ECE540,SP17
"Formigao Gameiro, A",Outstanding,CHEM,CHEM233,SP15
"McNeill, C",Outstanding,MUS,MUS363,SP14
"Kwon, S",Outstanding,AFRO,AFRO215,FA22
"Park, Y",Outstanding,LER,LER590,SP21
"Van Riper, C",Excellent,PS,PS273,SU20
"Panerai, F",Excellent,ME,ME410,FA17
"Yao, L",Outstanding,HDFS,HDFS301,SU22
"Cole, C",Excellent,MACS,MACS356,SP20
"Sanchez Portuguez, G",Outstanding,MUSC,MUSC515,SU21
"Balcor, J",Outstanding,MUS,MUS133,FA21
"Sanchez Portuguez, G",Outstanding,MUSC,MUSC500,SP19
"Green-Miller, A",Excellent,ETMA,ETMA598,FA21
"Tolbert, A",Excellent,CMN,CMN326,FA22
"Fu, P",Outstanding,HIST,HIST120,SP15
"Mason, C",Excellent,EDUC,EDUC201,SP20
"Kim, E",Excellent,CHEM,CHEM102,SU19
"Salo, K",Outstanding,GLBL,GLBL298,FA18
"Chekuri, C",Excellent,CS,CS374,SU14
"Freehill, A",Excellent,CHLH,CHLH260,SP22
"Werkheiser, A",Outstanding,REL,REL110,SP17
"Derhemi, E",Outstanding,SLAV,SLAV418,SP15
"Hickey, J",Excellent,MUSC,MUSC135,SU15
"Gaines, B",Excellent,PS,PS522,FA20
"Buckley, B",Excellent,ECON,ECON102,SP22
"Ansorena, C",Outstanding,ARCH,ARCH372,SP19
"Yeung, A",Excellent,MUSC,MUSC500,FA14
"Toossi, A",Excellent,ECON,ECON480,SP17
"Bonano, C",Excellent,ESL,ESL522,FA17
"Yim, J",Outstanding,ME,ME446,SU20
"Bohn, D",Excellent,FSHN,FSHN466,SU14
"Pintar, J",Outstanding,IS,IS101,SU14
"Dunse, A",Outstanding,ESL,ESL512,SP16
"Shih, C",Outstanding,CHIN,CHIN202,SP22
"Boyle, F",Outstanding,LAW,LAW657,FA20
"Carrillo, C",Excellent,MUSC,MUSC473,FA23
"Gallo, D",Outstanding,MUS,MUS342,SU21
"Faivre, S",Excellent,ESL,ESL506,FA19
"Keeble, J",Excellent,MUSC,MUSC420,SU14
"Spencer, J",Excellent,MUSC,MUSC538,SU23
"Adhimoolam, B",Excellent,PSYC,PSYC496,FA20
"Stelzer, T",Outstanding,PHYS,PHYS211,FA18
"Fogerty, D",Excellent,SHS,SHS170,FA14
"Sriver, R",Outstanding,ATMS,ATMS526,SU15
"Champagne, A",Outstanding,LA,LA314,SU20
"Richards, V",Outstanding,CLE,CLE781,SP21
"Raveendran Nair, G",Outstanding,ETMA,ETMA234,FA16
"Pasetto Ovelar, K",Excellent,SPAN,SPAN122,SU23
"Kong, H",Excellent,CHBE,CHBE476,SU16
"Bright, L",Outstanding,THEA,THEA490,SU15
"Harms, L",Outstanding,RHET,RHET102,SP20
"Janzen, S",Excellent,ACE,ACE592,FA14
"Basu, M",Outstanding,ENGL,ENGL350,SU17
"Way, H",Outstanding,CHEM,CHEM538,SU15
"Boca, F",Outstanding,MATH,MATH444,SP19
"Banerjee, P",Excellent,FSHN,FSHN573,SU18
"Aguinaga, S",Excellent,KIN,KIN494,FA17
"McKim, D",Excellent,NUTR,NUTR591,SP16
"Klajbor-Smith, M",Outstanding,CMN,CMN220,SU18
"Gray, L",Outstanding,MUSC,MUSC137,SU20
"Feng, Y",Excellent,BADM,BADM381,FA19
"Colon, I",Outstanding,SHS,SHS121,SP21
"Fu, H",Outstanding,PSYC,PSYC201,SU22
"Wander, M",Excellent,NRES,NRES474,SU19
"Ocasio, W",Excellent,BADM,BADM312,FA22
"Yan, J",Outstanding,CEE,CEE490,FA19
"Sokac, A",Outstanding,MCB,MCB529,SP17
"Cintron, V",Outstanding,SOCW,SOCW509,SU15
"Guymon, R",Excellent,MBA,MBA564,FA17
"Qiu, Z",Excellent,LAW,LAW797,SP22
"Tinoco Lopez, R",Excellent,GGIS,GGIS459,FA19
"Stocker, A",Outstanding,ECON,ECON490,SP16
"Philip, S",Excellent,KIN,KIN140,FA14
"Stephens, C",Excellent,MUSC,MUSC135,FA23
"Popovics, J",Excellent,TAM,TAM324,FA19
"Mendelson, E",Excellent,CMN,CMN112,FA21
"Wei, N",Excellent,CEE,CEE440,SU18
"Masters, G",Outstanding,SHS,SHS477,SU16
"Lundstrom, C",Outstanding,GEOL,GEOL436,SP18
"Martinez, C",Outstanding,BUS,BUS401,FA20
"Junginger, S",Excellent,MUSC,MUSC132,SP15
"Leman, A",Outstanding,LEAD,LEAD321,SP21
"Lee, S",Excellent,PHYS,PHYS213,FA17
"Mishra, M",Excellent,HNDI,HNDI202,FA16
"Laursen, T",Excellent,SOCW,SOCW321,FA19
"Stipanovic, D",Excellent,ME,ME546,FA16
"Gutierrez Nibeyro, S",Outstanding,VCM,VCM661,SP21
"Ginsburg, R",Excellent,LA,LA221,SU21
"Sanders, T",Outstanding,CW,CW504,SP20
"Harris, D",Outstanding,MUSC,MUSC400,FA22
"Formigao Gameiro, A",Excellent,CHEM,CHEM233,SU17
"Breedveld, B",Excellent,CHEM,CHEM101,SU19
"Rodriguez, R",Excellent,SPAN,SPAN240,SU18
"Hagstrom, D",Excellent,ANSC,ANSC256,SP19
"McGuire, L",Excellent,BTW,BTW250,SU21
"Flanagan, K",Excellent,STAT,STAT100,SP18
"Hummel, T",Excellent,CHEM,CHEM105,SP20
"Eagen-Jones, M",Outstanding,MUS,MUS314,SU22
"Bashir, M",Outstanding,IS,IS464,SP16
"Bishop, M",Excellent,CMN,CMN101,SU19
"Ashby, J",Outstanding,SPAN,SPAN130,SP14
"Huang, W",Excellent,EPOL,EPOL491,SP20
"Clarke, C",Outstanding,CHLH,CHLH485,SU18
"Sotiroudis, P",Excellent,CLCV,CLCV115,FA18
"Beckman, M",Excellent,CS,CS101,SU15
"Augusto Sampaio Franco de Lima, G",Excellent,ACCY,ACCY501,FA20
"Tegge, S",Outstanding,MUSC,MUSC128,SU15
"Ahn, J",Excellent,MATH,MATH241,SP18
"Ocepek, M",Outstanding,IS,IS510,SU16
"Durst, S",Excellent,CI,CI446,FA23
"Johnson, B",Excellent,TAM,TAM252,FA21
"Ito, T",Outstanding,THEA,THEA400,FA21
"Gold, A",Excellent,PSYC,PSYC341,SP18
"Garcia, B",Outstanding,HIST,HIST279,FA14
"Gunji, N",Excellent,EALC,EALC250,SU22
"Blumthal, M",Outstanding,ENG,ENG398,SU16
"Veeravalli, V",Outstanding,ECE,ECE500,SU18
"Erickson, E",Excellent,LAW,LAW793,SP18
"Civello, M",Outstanding,THEA,THEA101,FA19
"Alltop, S",Outstanding,MUSC,MUSC403,FA20
"Bo-Linn, I",Excellent,ARTD,ARTD418,SP17
"Gunn, N",Outstanding,MUSC,MUSC405,FA22
"Gulbrandson-Andrews, H",Excellent,SOCW,SOCW516,FA18
"Shungu, P",Excellent,MUS,MUS90,FA20
"Boehm, W",Excellent,MUSC,MUSC421,SU20
"Finkelman, J",Excellent,MUSC,MUSC474,SU17
"Lewis, C",Outstanding,CS,CS199,FA21
"Barkan, C",Excellent,CEE,CEE598,SP17
"Richards, V",Outstanding,CLE,CLE702,SP23
"Chiu, M",Outstanding,MUS,MUS102,FA20
"Bojanowski, J",Excellent,PHIL,PHIL104,SP20
"Stone, S",Outstanding,MUSC,MUSC405,SU15
"Good, E",Outstanding,MCB,MCB252,SU22
"Ledford, S",Excellent,JOUR,JOUR215,FA16
"Harsh, B",Outstanding,ANSC,ANSC409,SP20
"Johnson, T",Excellent,ENVS,ENVS380,SP22
"Denos, S",Excellent,PHYS,PHYS101,FA14
"Stubbins, J",Outstanding,GLBL,GLBL483,SU17
"Carollo, B",Outstanding,SPAN,SPAN101,SP19
"Witt, A",Outstanding,EDUC,EDUC499,SP20
"Coleman, B",Excellent,MUSC,MUSC531,FA16
"Hirani, A",Outstanding,MATH,MATH490,SU17
"Poetzel, A",Excellent,CI,CI431,SU15
"Buckley, B",Outstanding,ECON,ECON102,FA16
"Pucilowski, A",Outstanding,LING,LING427,SP18
"Krueger, G",Outstanding,FIN,FIN423,SU15
"Rangarajan, A",Excellent,IS,IS497,SU22
"Gathogo, M",Excellent,SWAH,SWAH408,SP23
"Gray, L",Outstanding,MUSC,MUSC437,SP19
"Ehlen, T",Outstanding,MUSC,MUSC101,SU18
"Freiji, C",Excellent,ASRM,ASRM499,SU16
"Lapunzina, A",Outstanding,ARCH,ARCH474,SP14
"Skrabacz, E",Outstanding,PHYS,PHYS212,SU17
"McKim, D",Excellent,ANSC,ANSC590,FA22
"Dornfeld Tissenbaum, C",Excellent,CI,CI590,SP17
"Axelson, J",Outstanding,CHEM,CHEM232,SP14
"Sani, J",Excellent,ACCY,ACCY302,SP23
"Diez Taibo, H",Outstanding,SPAN,SPAN122,FA21
"Frame, J",Outstanding,GGIS,GGIS100,SP14
"Jones, C",Excellent,FAA,FAA499,FA23
"Steward, J",Outstanding,SOCW,SOCW509,SU18
"Hummel, T",Excellent,CHEM,CHEM105,SP21
"Dell, B",Excellent,LING,LING413,SP21
"Escobar-Sawicki, C",Outstanding,SOCW,SOCW533,FA16
"Ignacio, E",Excellent,CEE,CEE420,FA18
"Todd, N",Excellent,NEUR,NEUR598,SP22
"McNeill, C",Outstanding,MUSC,MUSC132,FA16
"Craig, A",Outstanding,IS,IS592,SU23
"Hummel, T",Excellent,CHEM,CHEM102,FA19
"Carrillo, C",Excellent,MUS,MUS408,FA21
"Rindfleisch, A",Excellent,BADM,BADM331,SU16
"Lewis, C",Excellent,CS,CS105,FA22
"Brown, D",Outstanding,FIN,FIN435,SP15
"Chettiar, T",Excellent,HIST,HIST253,SU16
"Hummel, T",Excellent,CHEM,CHEM102,SP21
"Guzman Jaimes, J",Excellent,ABE,ABE498,FA23
"Ginsburg, R",Excellent,LA,LA590,SP23
"Cho, M",Outstanding,ECON,ECON103,SP19
"Anderson, C",Excellent,STAT,STAT587,SU18
"Murray, B",Excellent,THEA,THEA550,FA14
"Conway, B",Outstanding,ENG,ENG310,SU21
"Fagen-Ulmschneider, W",Outstanding,CS,CS340,SU19
"Fang, F",Excellent,UP,UP519,SP14
"Koo, S",Outstanding,MUS,MUS500,SP17
"Kamalabadi, F",Excellent,ECE,ECE558,SP14
"Dragic, P",Outstanding,ECE,ECE455,SP17
"Richards, V",Outstanding,CLE,CLE750,SP17
"Lyubansky, M",Excellent,PSYC,PSYC496,SU17
"Bross, B",Outstanding,ARCH,ARCH517,SU23
"Anderson, J",Excellent,MATH,MATH220,FA15
"Madak-Erdogan, Z",Outstanding,NUTR,NUTR510,SU17
"Carrillo, T",Outstanding,MUSC,MUSC498,SU14
"Derhemi, E",Outstanding,ITAL,ITAL418,FA16
"Rivier, D",Outstanding,MCB,MCB317,SU21
"Hodson, P",Outstanding,NRES,NRES108,SU17
"Senapati, S",Outstanding,MATH,MATH231,FA20
"Harden, K",Outstanding,SOCW,SOCW515,SU18
"Regenwetter, M",Excellent,PSYC,PSYC598,FA18
"Cha, E",Outstanding,CEE,CEE360,FA19
"Hunt, A",Outstanding,GER,GER261,FA19
"Stubbins, J",Outstanding,NPRE,NPRE558,FA22
"McGovern, T",Excellent,MUSC,MUSC522,SP20
"McGovern, T",Outstanding,MUSC,MUSC422,SP18
"Mohaghegh, Z",Excellent,NPRE,NPRE561,FA21
"Kwon, S",Excellent,AAS,AAS539,FA20
"Hartke, J",Outstanding,ANSC,ANSC525,FA20
"Corr, C",Outstanding,EPSY,EPSY575,SU23
"Bonano, C",Excellent,ESL,ESL112,SP14
"Panerai, F",Outstanding,ME,ME410,SU15
"Robinson, J",Excellent,PHIL,PHIL110,FA20
"Froiland, S",Outstanding,HIST,HIST263,SU20
"Stelzer, T",Excellent,PHYS,PHYS211,SP23
"Spencer, B",Outstanding,CEE,CEE573,SP16
"Parsons, C",Outstanding,ANSC,ANSC590,FA18
"Kraay, A",Excellent,CHLH,CHLH201,SU17
"Nelson, J",Excellent,EPOL,EPOL557,FA23
"Simon, P",Excellent,ECON,ECON103,FA16
"Chan, T",Outstanding,CS,CS473,FA18
"Catchen, J",Excellent,IB,IB302,FA17
"Schering, M",Outstanding,RHET,RHET105,SU14
"Tywoniw, R",Excellent,ITAL,ITAL460,SP18
"Ilie, R",Excellent,ECE,ECE398,SP19
"Johnson, L",Outstanding,CWL,CWL254,SU21
"Clarke, C",Excellent,KIN,KIN104,SU21
"Balekita, J",Outstanding,AFRO,AFRO132,SP19
"Lo, A",Outstanding,ACE,ACE161,SU23
"Garcia Alvarez, R",Outstanding,MATH,MATH231,SP16
"Goldstein, M",Outstanding,SE,SE101,FA18
"Richards, V",Outstanding,BSE,BSE700,FA17
"Clay, A",Outstanding,FR,FR104,SU18
"Wang, P",Excellent,SE,SE598,SP20
"Dolcos, F",Excellent,NEUR,NEUR405,FA21
"Roca, A",Excellent,ANSC,ANSC446,SU23
"Stepanov, A",Excellent,STAT,STAT410,SP15
"Dean, S",Outstanding,CI,CI404,FA18
"Heath, K",Excellent,CPSC,CPSC598,SP22
"Chen, L",Excellent,IB,IB271,SU23
"Stillwell, A",Outstanding,CEE,CEE433,FA18
"Bradley, J",Excellent,BIOE,BIOE574,SU16
"Gillespie, M",Excellent,EPSY,EPSY553,FA15
"Nowak, M",Excellent,CS,CS128,SU23
"Yan, J",Excellent,CEE,CEE490,FA20
"Perry, R",Excellent,THEA,THEA496,SP22
"Kirci, I",Outstanding,BADM,BADM275,SP19
"Attarian, R",Excellent,ARTD,ARTD202,SP14
"Adams, A",Excellent,ATMS,ATMS100,FA21
"Raveendran Nair, G",Excellent,ETMA,ETMA100,SP22
"Richards, V",Outstanding,BSE,BSE635,SU14
"Hickey, J",Outstanding,MUS,MUS173,FA21
"Malani, R",Outstanding,KIN,KIN201,SU17
"Xie, S",Outstanding,ECON,ECON590,SU15
"Kashani, M",Excellent,ANTH,ANTH464,SP18
"Asaka, I",Outstanding,HIST,HIST316,SP19
"Goebel, R",Excellent,PORT,PORT400,SP19
"Fahnestock, L",Excellent,CEE,CEE462,FA16
"Strittmater, G",Outstanding,KIN,KIN369,SU23
"Mitchell, T",Excellent,THEA,THEA400,SP22
"Winter, G",Excellent,LAW,LAW794,SP22
"Haken, R",Excellent,MUSC,MUSC416,SP15
"Barich, J",Excellent,SE,SE400,FA19
"Feng, J",Excellent,ME,ME310,FA17
"Khuri, M",Outstanding,EPSY,EPSY520,FA18
"Wickes, E",Outstanding,IS,IS205,SP22
"Kersh, M",Outstanding,BIOE,BIOE481,SU22
"Richards, V",Outstanding,CLE,CLE799,FA19
"Billington, A",Excellent,HDFS,HDFS444,SU20
"Alt, R",Excellent,MCB,MCB301,FA16
"Gathogo, M",Excellent,AFST,AFST412,SP23
"Miller, T",Outstanding,THEA,THEA392,SU22
"Sadler, M",Outstanding,EALC,EALC550,SP16
"Hendershott, C",Outstanding,ECON,ECON202,SP14
"Barich, J",Excellent,LAW,LAW693,SU14
"Ren, L",Excellent,CS,CS539,SP21
"Leveritt, J",Outstanding,CHEM,CHEM103,SU21
"Ward, S",Outstanding,BADM,BADM314,SP20
"Garcia, M",Excellent,CEE,CEE452,SP21
"Baume, R",Excellent,PHIL,PHIL102,SU23
"Trapp, R",Outstanding,ATMS,ATMS514,SU17
"Orcherton, J",Outstanding,MUS,MUS169,SU17
"Kirchner, N",Outstanding,MCB,MCB251,SU22
"Harris, D",Outstanding,MUS,MUS120,FA18
"Ehlen, T",Excellent,MUSC,MUSC101,FA16
"Leonardis, J",Excellent,KIN,KIN259,SP20
"Gulbrandson-Andrews, H",Outstanding,SOCW,SOCW516,SU17
"Mehta, A",Excellent,CHEM,CHEM236,FA17
"Shin, S",Excellent,ARTD,ARTD402,SU23
"Richards, V",Outstanding,CLE,CLE799,SP15
"Sibrian Mai, A",Outstanding,ARTD,ARTD444,SP20
"Nadeau, C",Outstanding,PS,PS413,SU17
"Kipp, D",Excellent,THEA,THEA110,SU14
"Font Bas, V",Excellent,MACS,MACS260,SP17
"Moulin, P",Outstanding,ECE,ECE561,SU17
"Abboud, N",Excellent,PHYS,PHYS427,SU20
"Way, H",Excellent,CHEM,CHEM538,SU18
"Chekuri, C",Excellent,CS,CS374,SU15
"Gao, X",Outstanding,CHLH,CHLH582,SP19
"Enslin, M",Excellent,THEA,THEA218,SP22
"Anderson, S",Excellent,LAW,LAW696,FA20
"Christie, M",Outstanding,GEOL,GEOL107,FA15
"Ferguson, R",Excellent,ACES,ACES293,SP14
"Barnard, J",Excellent,CWL,CWL242,FA22
"Taylor, A",Outstanding,MATH,MATH241,SP21
"Richards, V",Outstanding,CLE,CLE719,SP19
"Kim, J",Excellent,MSE,MSE405,SP14
"Hay, B",Outstanding,CLCV,CLCV224,SP18
"Laystrom-Woodard, J",Outstanding,AE,AE140,SU17
"Khanam, S",Excellent,CMN,CMN250,SP17
"Wexler, L",Outstanding,LAW,LAW792,SP16
"Choi, S",Outstanding,KIN,KIN103,SU18
"Moss, A",Excellent,BTW,BTW250,SU17
"Johnson, D",Excellent,MILS,MILS342,FA14
"Charity, H",Excellent,RHET,RHET105,SP23
"Davis, N",Excellent,CSE,CSE498,SU15
"Marini, N",Outstanding,DANC,DANC455,FA14
"Caetano-Anolles, G",Outstanding,IB,IB505,FA14
"Ward, M",Outstanding,PHIL,PHIL110,SP15
"Choquette, K",Excellent,ECE,ECE572,SP16
"Shelton, T",Excellent,PHYS,PHYS214,FA21
"Hill, L",Outstanding,ITAL,ITAL104,FA16
"Lindsey, B",Excellent,SOCW,SOCW507,SU14
"Freivogel, L",Excellent,MUSC,MUSC300,SU19
"Livingston, C",Outstanding,AFRO,AFRO310,SP21
"Loughran, T",Outstanding,ENGL,ENGL396,SU22
"Shike, D",Excellent,ANSC,ANSC255,SU15
"Burton, J",Outstanding,FSHN,FSHN429,SU16
"Maslova, O",Outstanding,THEA,THEA550,SP17
"Richtmeyer, D",Outstanding,MUSC,MUSC424,SU14
"Quick, B",Excellent,CMN,CMN595,SU19
"Khandelwal, A",Outstanding,BADM,BADM211,SP16
"Houston, B",Outstanding,JOUR,JOUR500,SU21
"Bahreini Esfahani, M",Excellent,MATH,MATH231,SU16
"Excell, R",Outstanding,MBA,MBA590,SU22
"Cosman, B",Excellent,CS,CS475,SU17
"Janzen, J",Excellent,ACE,ACE427,SU15
"Cervera, A",Outstanding,DANC,DANC116,FA17
"Hirani, A",Excellent,MATH,MATH481,SP17
"McCarthy, D",Excellent,AFRO,AFRO298,SU20
"Dill, B",Excellent,SOC,SOC100,FA22
"Hauber, M",Excellent,NRES,NRES461,SP22
"Fredericks, J",Excellent,RST,RST242,SU18
"Schrag, D",Outstanding,GLBL,GLBL296,SU15
"Lira, N",Excellent,LLS,LLS479,SP19
"Chason, L",Excellent,LA,LA314,SU23
"Schmidt, A",Outstanding,CEE,CEE453,SP23
"Gurfinkel, G",Excellent,CEE,CEE468,SU19
"Smith, B",Outstanding,GWS,GWS380,SP22
"Szajna, R",Outstanding,LAW,LAW696,SU14
"Faivre, S",Excellent,ESL,ESL111,SP18
"Daval, C",Excellent,MUSC,MUSC300,FA23
"Evans, C",Excellent,CS,CS225,SP17
"Smith, N",Outstanding,KIN,KIN387,SP14
"Zarate, K",Excellent,SPED,SPED426,FA14
"Barkan, C",Outstanding,CEE,CEE598,FA23
"Andrews, L",Excellent,EDPR,EDPR420,SP16
"Jackson, S",Outstanding,CMN,CMN396,SP20
"Brubaker, R",Excellent,LAW,LAW696,SU16
"Ionin, T",Outstanding,LING,LING426,SP22
"Lamb, E",Excellent,GER,GER101,SP17
"Dawn, L",Excellent,RHET,RHET105,SU22
"Mishra, M",Excellent,HNDI,HNDI115,FA16
"Bishop, M",Excellent,CMN,CMN101,SU17
"Ledesma, E",Outstanding,SPAN,SPAN248,SU18
"Beckman, M",Outstanding,CS,CS101,SP22
"Zhang, S",Excellent,CEE,CEE470,SP14
"Bashir, M",Outstanding,LAW,LAW599,SP22
"Gupta, A",Outstanding,IE,IE340,SU17
"McNeill, C",Excellent,MUSC,MUSC532,FA18
"Formigao Gameiro, A",Outstanding,CHEM,CHEM233,FA16
"Leicht, J",Outstanding,CHBE,CHBE430,SP22
"King, C",Excellent,JOUR,JOUR210,SP21
"Siena, J",Outstanding,MUSC,MUSC505,FA17
"Brobst, C",Excellent,FIN,FIN580,SP21
"Joffe-Nelson, N",Excellent,GGIS,GGIS287,FA21
"Patwardhan, A",Excellent,PHYS,PHYS211,SP23
"Harley, B",Excellent,CHBE,CHBE421,SP17
"Huo, M",Outstanding,LING,LING446,SU20
"Gulbrandson-Andrews, H",Outstanding,SOCW,SOCW516,FA22
"Stelzer, A",Outstanding,MATH,MATH231,SU22
"Maemura, E",Outstanding,IS,IS477,SP14
"Jackson, S",Excellent,CMN,CMN280,SP16
"Loja Fernandes, R",Excellent,MATH,MATH522,SU18
"Niu, M",Outstanding,ECON,ECON103,SU20
"Aldridge, B",Excellent,VM,VM604,FA18
"Moran, C",Outstanding,VCM,VCM598,FA20
"Philpott, M",Outstanding,ME,ME199,SU18
"Michels, A",Excellent,BADM,BADM205,SU17
"Aprahamian, S",Excellent,DANC,DANC360,FA14
"Kramer, K",Outstanding,HDFS,HDFS120,FA15
"Wickes, E",Excellent,IS,IS305,SP16
"Ashby, S",Outstanding,LER,LER100,SU16
"Faivre, S",Outstanding,ESL,ESL512,SP18
"Rainwater, C",Outstanding,THEA,THEA400,FA15
"Deacy-Quinn, C",Excellent,IS,IS573,FA16
"Amos, J",Excellent,ENG,ENG411,SU16
"Kedem, R",Outstanding,MATH,MATH417,SP22
"Murray, B",Outstanding,THEA,THEA300,FA20
"Han, W",Outstanding,BADM,BADM350,SP16
"Nyikos, D",Excellent,RHET,RHET102,SU19
"Campbell, C",Excellent,SOCW,SOCW553,SP15
"Caldarella, P",Outstanding,DANC,DANC220,SP17
"Parker, G",Outstanding,CEE,CEE553,SU23
"Dominguez-Garcia, A",Excellent,ECE,ECE486,SP14
"Kutzarova-Ford, D",Excellent,MATH,MATH347,FA15
"Wolanski, E",Excellent,PHYS,PHYS221,FA20
"Minn, M",Excellent,ESE,ESE379,FA22
"Betts-Green, D",Excellent,IS,IS413,FA14
"Silverman, S",Outstanding,CHEM,CHEM575,FA22
"Driggs-Campbell, K",Outstanding,AE,AE482,FA19
"Cervantes, V",Outstanding,ENG,ENG177,SU15
"Mylli, E",Outstanding,CLCV,CLCV115,SP16
"Brockett, J",Excellent,HDFS,HDFS208,FA14
"Kani, N",Outstanding,CS,CS374,FA15
"Rhee, P",Outstanding,ARCH,ARCH314,SU16
"Corr, C",Excellent,SPED,SPED575,FA18
"Longo, R",Outstanding,PHYS,PHYS371,SU16
"Derhemi, E",Outstanding,SPAN,SPAN418,SU14
"Knox, R",Outstanding,ANSC,ANSC224,SP21
"Huffman, R",Excellent,THEA,THEA400,FA23
"Redman, Y",Outstanding,MUSC,MUSC505,SP16
"Evans, C",Excellent,IS,IS206,FA21
"Tedoradze, M",Outstanding,CWL,CWL242,SP21
"Cha-Jua, S",Excellent,AFRO,AFRO101,SU14
"Matlack, K",Outstanding,TAM,TAM412,FA20
"Dolcos, F",Excellent,PSYC,PSYC404,FA23
"Richardson, S",Outstanding,ANSC,ANSC398,SP16
"Faivre, S",Outstanding,ESL,ESL508,SU15
"Valdez, K",Outstanding,KIN,KIN262,SU15
"Beckman, M",Outstanding,CS,CS101,SU14
"Banerjee, A",Outstanding,CS,CS598,SU22
"Ha, J",Outstanding,KOR,KOR242,SP23
"Witt, A",Excellent,EPOL,EPOL587,SU18
"Turner, N",Outstanding,FAA,FAA398,SP14
"Trilling, R",Outstanding,MDVL,MDVL411,SU14
"Chan, K",Outstanding,FIN,FIN551,FA17
"McNeill, C",Excellent,MUSC,MUSC498,SU16
"Flores, N",Excellent,LLS,LLS465,SU14
"Ahumada, P",Outstanding,CHEM,CHEM199,SP23
"Choate-Heretoiu, C",Outstanding,DANC,DANC455,SU19
"Pazmino, J",Excellent,RST,RST441,SU23
"Chiu, M",Excellent,MUS,MUS108,SU15
"Fogelman, C",Outstanding,SOCW,SOCW581,FA23
"Carollo, B",Excellent,SPAN,SPAN142,SP22
"Condotta, I",Outstanding,ANSC,ANSC590,SU19
"Pauly, S",Outstanding,KIN,KIN101,SU23
"Rhoads, B",Excellent,GGIS,GGIS460,SU19
"Gillette, M",Excellent,NEUR,NEUR520,SP23
"McCarren, E",Excellent,CHEM,CHEM199,SP18
"Boehm, W",Outstanding,MUSC,MUSC121,SP22
"Adve, V",Excellent,CS,CS591,SP21
"Moulin, P",Excellent,ECE,ECE418,SU19
"Torelli, C",Excellent,BADM,BADM590,FA21
"Andhale, J",Outstanding,HDFS,HDFS259,SP14
"Yeo, D",Outstanding,MUSC,MUSC427,FA23
"Schultz, M",Excellent,SOCW,SOCW451,SP15
"Ben Menni Schuler, S",Excellent,GER,GER211,SP14
"Krueger, G",Excellent,FIN,FIN423,SP22
"Bowman, A",Outstanding,BTW,BTW250,FA23
"Tempest, R",Outstanding,AFRO,AFRO199,SU15
"Abosch, E",Excellent,HIST,HIST142,FA20
"Nagi, R",Outstanding,IE,IE533,SU17
"Schulte, A",Outstanding,LAW,LAW696,SP14
"Lampe, S",Excellent,MUS,MUS132,SP18
"Cunningham, L",Excellent,CMN,CMN211,SU14
"Huang, L",Outstanding,STAT,STAT400,SP22
"Rodriguez Zas, S",Outstanding,CPSC,CPSC591,SU21
"Gregg, R",Excellent,THEA,THEA300,FA17
"McCarren, E",Excellent,CHEM,CHEM104,FA16
"Johnson, J",Outstanding,ACCY,ACCY301,SU20
"Maggid Alon, L",Outstanding,HEBR,HEBR404,SU18
"Jiang, N",Outstanding,CS,CS443,SP14
"Pak, Y",Outstanding,EPOL,EPOL403,SP19
"Lee, S",Outstanding,PHYS,PHYS213,SU22
"Si, A",Outstanding,MATH,MATH231,FA22
"Yeo, D",Outstanding,MUSC,MUSC127,SP15
"Gunter, C",Excellent,ECE,ECE424,SU23
"Dahman, J",Excellent,SHS,SHS477,SU17
"Paige, K",Outstanding,CPSC,CPSC436,FA20
"Stoppino, E",Outstanding,ENGL,ENGL202,SP16
"Hobson, J",Excellent,ACCY,ACCY578,FA15
"Moersch, C",Excellent,MUSC,MUSC500,SU23
"Gilmore, A",Excellent,DANC,DANC100,FA21
"Jenkins, R",Excellent,TRST,TRST432,SU20
"Ramirez, C",Excellent,MUS,MUS132,FA14
"Nettl-Fiol, R",Outstanding,DANC,DANC451,FA17
"Koerner, M",Outstanding,CHEM,CHEM332,FA15
"Underhill, G",Outstanding,BIOE,BIOE487,SU22
"Miebach, T",Excellent,SOCW,SOCW561,FA17
"Moton, T",Outstanding,EPOL,EPOL552,SU20
"Dominguez-Hultgren, K",Excellent,ARTS,ARTS252,SU22
"Fisher, J",Excellent,ADV,ADV492,SP15
"Meidani, H",Excellent,CEE,CEE498,SU15
"Parker, G",Outstanding,GEOL,GEOL573,SU18
"Yong, A",Excellent,MATH,MATH199,SP17
"Wright, D",Outstanding,ENGL,ENGL460,FA14
"Richards, V",Excellent,CLE,CLE799,SU19
"Newell, M",Outstanding,IS,IS299,FA19
"Huffman, J",Outstanding,PSYC,PSYC593,FA15
"Smith, S",Outstanding,CI,CI420,FA23
"Friedman, R",Outstanding,LAS,LAS291,FA19
"Civello, M",Excellent,THEA,THEA101,SP23
"Karda, P",Excellent,MUS,MUS154,SP23
"Lombardo, F",Outstanding,CEE,CEE595,SU17
"Ashby, S",Excellent,LER,LER110,SP15
"Baur, J",Excellent,AE,AE428,SP20
"Abbamonte, P",Outstanding,PHYS,PHYS436,SU14
"Richards, V",Outstanding,CLE,CLE655,SP16
"Nyikos, D",Outstanding,RHET,RHET102,SU20
"Nowak, M",Excellent,CS,CS128,FA22
"Ma, S",Excellent,FSHN,FSHN232,SU23
"Odom, M",Excellent,RHET,RHET102,SP20
"Mercer, B",Outstanding,ME,ME471,SU17
"Gunn, N",Excellent,MUSC,MUSC505,FA20
"Trainor, K",Excellent,IS,IS430,SP23
"Chow, K",Excellent,EALC,EALC420,FA21
"Armendariz Buaun, R",Outstanding,ECON,ECON203,SU20
"Thorner, J",Excellent,MATH,MATH453,FA17
"Alt, R",Outstanding,MCB,MCB301,SP19
"Zhang, T",Excellent,LER,LER590,SU16
"Day, H",Excellent,PHYS,PHYS435,SP16
"Burgess, S",Excellent,IB,IB473,SU15
"Goyal, R",Excellent,CHEM,CHEM104,SP22
"Nettl-Fiol, R",Excellent,DANC,DANC530,SP22
"Taylor, A",Outstanding,HORT,HORT100,SP18
"Richards, V",Outstanding,BSE,BSE635,SP20
"Parsons, C",Outstanding,ANSC,ANSC404,SU23
"Lin, Y",Excellent,CHIN,CHIN441,SU16
"Ali, M",Excellent,SAME,SAME214,SP14
"Heiles, W",Outstanding,MUSC,MUSC501,FA22
"Husain, F",Outstanding,SHS,SHS590,SU21
"Gao, Y",Outstanding,MACS,MACS101,FA15
"Kwilecki, S",Excellent,MUS,MUS110,SP21
"Huang, T",Outstanding,CHEM,CHEM102,FA19
"Bohn, D",Excellent,FSHN,FSHN193,SU18
"Reedy, M",Outstanding,MCB,MCB150,SP20
"Mishra, M",Excellent,HNDI,HNDI406,FA21
"Richards, V",Excellent,CLE,CLE799,SU18
"He, J",Outstanding,ME,ME598,SU23
"Solomonik, E",Outstanding,CSE,CSE401,SP22
"Dharwadker, A",Outstanding,LA,LA539,SP16
"Butt, E",Outstanding,GSD,GSD103,FA22
"Richards, V",Outstanding,CLE,CLE799,SU22
"Lopez-Pamies, O",Excellent,CSE,CSE551,FA17
"Wade, R",Excellent,SOCW,SOCW552,SU21
"Tywoniw, R",Outstanding,PORT,PORT460,SU15
"Lleras, C",Outstanding,HDFS,HDFS396,FA18
"McGuire, L",Excellent,BTW,BTW250,SU17
"Barkan, C",Outstanding,CEE,CEE598,FA23
"Bruhn, A",Outstanding,MUSC,MUSC462,FA22
"Ruedas-Gracia, N",Excellent,PSYC,PSYC465,SP18
"Ornik, M",Outstanding,AE,AE504,SP18
"Hechler, W",Outstanding,BTW,BTW250,FA15
"Herrera Almanza, C",Excellent,ACE,ACE476,SU19
"Pearson, S",Excellent,CHLH,CHLH410,FA14
"Gundersen, L",Outstanding,ACE,ACE100,SP22
"Alvarez, J",Outstanding,ECE,ECE461,FA16
"Kersh, M",Outstanding,BIOE,BIOE481,SU16
"Richards, V",Excellent,CLE,CLE685,FA14
"Sepkoski, D",Outstanding,HIST,HIST264,SU22
"Tzanetou, A",Outstanding,CWL,CWL220,SP16
"Schwebel, S",Outstanding,IS,IS491,FA20
"Varga, P",Excellent,MUS,MUS144,SU20
"Fischer-Brown, A",Excellent,ANSC,ANSC398,SU19
"Cardoso, F",Excellent,ANSC,ANSC590,SP21
"Bush, D",Outstanding,IB,IB335,SU23
"Donovan, S",Excellent,THEA,THEA477,SP14
"Barich, J",Outstanding,TE,TE450,SP14
"Buckley, B",Excellent,GLBL,GLBL480,FA16
"Chauhan, A",Excellent,PHYS,PHYS211,FA20
"Ambardar, S",Outstanding,ECON,ECON102,SP14
"Sapozhnikov, A",Excellent,DANC,DANC232,FA17
"Kashani, M",Excellent,REL,REL464,SP18
"Ledford, S",Excellent,JOUR,JOUR335,SP21
"Bridgewater, R",Outstanding,MUS,MUS369,SP15
"Simon, P",Excellent,ECON,ECON103,FA21
"Jin, K",Outstanding,MATH,MATH231,SU17
"Gutzmer, C",Excellent,EDPR,EDPR432,FA20
"Huang, T",Outstanding,CHEM,CHEM205,SU15
"Bivona, M",Excellent,TE,TE466,SU14
"Cosman, B",Outstanding,CS,CS475,SP19
"Steward, J",Excellent,SOCW,SOCW509,SP15
"Lee, D",Outstanding,CPSC,CPSC593,SU16
"Krishnan, G",Excellent,SE,SE411,SP18
"Chekuri, C",Excellent,ECE,ECE374,FA23
"Toossi, A",Outstanding,ECON,ECON436,SP14
"Murray, B",Outstanding,THEA,THEA199,SP20
"Ilie, R",Outstanding,ECE,ECE590,FA14
"Tutumluer, E",Excellent,CEE,CEE509,FA21
"Alexander, S",Outstanding,EPOL,EPOL559,SP21
"Hensley, M",Outstanding,IS,IS471,SU14
"Richards, V",Excellent,CLE,CLE799,SP21
"Coats, S",Excellent,AFAS,AFAS222,FA21
"Nair, S",Outstanding,BIOP,BIOP595,SU20
"Jones, C",Outstanding,ARTS,ARTS443,SU16
"Richards, V",Outstanding,CLE,CLE691,FA19
"Livengood, K",Outstanding,MUS,MUS206,SU21
"Mondak, J",Excellent,PS,PS511,SP18
"Ganguly, S",Outstanding,ARCH,ARCH222,SU16
"Gunji, N",Outstanding,EALC,EALC250,SP20
"Jin, H",Excellent,BIOC,BIOC406,SU20
"Ghose, S",Outstanding,CS,CS534,SU18
"Langeslay, B",Excellent,PHYS,PHYS214,SP15
"Mendes, C",Outstanding,SHS,SHS591,SP17
"Meem, T",Excellent,ESE,ESE103,SP22
"Napolitano, C",Outstanding,EPSY,EPSY490,SU19
"Goldstein, M",Excellent,SE,SE101,SU19
"Park, J",Excellent,MATH,MATH257,SP18
"Hidalgo, L",Excellent,PHYS,PHYS211,SP22
"Richtmeyer, D",Outstanding,MUSC,MUSC424,FA21
"Morais Santos, I",Outstanding,ECON,ECON103,FA16
"Zine, K",Excellent,PHYS,PHYS101,SU18
"Richards, V",Outstanding,BSE,BSE665,SP18
"Ginsburg, R",Outstanding,EPOL,EPOL590,SP16
"Allred, D",Excellent,UP,UP136,FA21
"Petruzzello, S",Outstanding,KIN,KIN443,SP22
"Brinkworth, J",Outstanding,ANTH,ANTH249,FA21
"Pearlstein, A",Outstanding,ME,ME320,SU21
"Wonderlich, M",Excellent,IS,IS525,SU19
"Okegbe, S",Outstanding,CMN,CMN212,FA17
"Gregg, R",Outstanding,THEA,THEA400,SP16
"Fonseca Travassos, G",Excellent,ACE,ACE474,FA20
"Karasek, M",Excellent,TE,TE250,SU14
"Fisher, C",Excellent,PSYC,PSYC598,SU20
"Noel, H",Outstanding,BADM,BADM325,SU19
"Oyallon-Koloski, J",Excellent,ENGL,ENGL504,FA18
"Elmore, A",Excellent,ACE,ACE232,FA15
"Erten, N",Excellent,ANTH,ANTH403,FA19
"Herrera, L",Excellent,MUSC,MUSC105,SP22
